Iteration,L1_loss,Feature_loss,MS_SSIM,Iter_LR
100,0.1233573853969574,-1,0.3783072829246521,0.0001
