PSNR,SSIM,Colorfulness_pred,Colorfulness_gt
9.072626233333654,0.10067312603260381,0,0
11.112385948593964,0.06598938814003502,0,0
